"CA","Fire","277","2002","2026","25","11.08"
"TX","Fire","167","2000","2026","27","6.185"
"WA","Fire","127","2000","2025","26","4.885"
"OK","Fire","125","2000","2026","27","4.63"
"OR","Fire","95","2001","2025","25","3.8"
"CO","Fire","74","2000","2025","26","2.846"
"NV","Fire","71","2000","2025","26","2.731"
"NM","Fire","70","2000","2025","26","2.692"
"AZ","Fire","66","2002","2025","24","2.75"
"MT","Fire","55","2000","2025","26","2.115"
"OK","Severe Storm","43","2000","2025","26","1.654"
"KS","Severe Storm","42","2000","2025","26","1.615"
"FL","Hurricane","40","2004","2024","21","1.905"
"FL","Fire","39","2000","2026","27","1.444"
"MO","Severe Storm","37","2002","2025","24","1.542"
"TN","Severe Storm","36","2000","2025","26","1.385"
"KY","Severe Storm","35","2000","2025","26","1.346"
"UT","Fire","35","2001","2025","25","1.4"
"NE","Severe Storm","34","2001","2025","25","1.36"
"MS","Severe Storm","29","2001","2025","25","1.16"
"AL","Severe Storm","28","2000","2023","24","1.167"
"AR","Severe Storm","28","2001","2025","25","1.12"
"IA","Severe Storm","28","2001","2024","24","1.167"
"LA","Hurricane","28","2002","2024","23","1.217"
"WY","Fire","28","2000","2025","26","1.077"
"SD","Severe Storm","27","2000","2024","25","1.08"
"NY","Severe Storm","26","2000","2024","25","1.04"
"NH","Severe Storm","25","2003","2024","22","1.136"
"VT","Severe Storm","25","2000","2024","25","1"
"WV","Severe Storm","25","2001","2025","25","1"
"HI","Fire","24","2000","2025","26","0.923"
"AK","Severe Storm","23","2000","2025","26","0.885"
"ID","Fire","21","2000","2025","26","0.808"
"ND","Severe Storm","21","2000","2025","26","0.808"
"NC","Hurricane","20","2003","2022","20","1"
"AK","Fire","19","2001","2025","25","0.76"
"AL","Hurricane","19","2002","2024","23","0.826"
"CA","Severe Storm","19","2005","2024","20","0.95"
"ME","Severe Storm","19","2000","2024","25","0.76"
"SD","Fire","19","2000","2026","27","0.704"
"IN","Severe Storm","18","2002","2023","22","0.818"
"MS","Hurricane","18","2002","2021","20","0.9"
"OH","Severe Storm","18","2000","2012","13","1.385"
"OK","Biological","17","2020","2020","1","17"
"OR","Severe Storm","17","2002","2026","25","0.68"
"VA","Severe Storm","17","2000","2025","26","0.654"
"FL","Severe Storm","16","2000","2024","25","0.64"
"MN","Severe Storm","16","2000","2022","23","0.696"
"NJ","Severe Storm","16","2000","2023","24","0.667"
"TX","Hurricane","16","2003","2024","22","0.727"
"SC","Hurricane","15","2004","2024","21","0.714"
"WA","Severe Storm","15","2003","2024","22","0.682"
"GA","Fire","14","2001","2026","26","0.538"
"KS","Fire","14","2006","2025","20","0.7"
"ND","Flood","14","2001","2023","23","0.609"
"GA","Hurricane","13","2004","2024","21","0.619"
"IL","Severe Storm","13","2003","2023","21","0.619"
"MN","Flood","13","2001","2024","24","0.542"
"NM","Biological","13","2020","2020","1","13"
"AZ","Severe Storm","12","2000","2023","24","0.5"
"CT","Severe Storm","12","2005","2024","20","0.6"
"GA","Severe Storm","12","2000","2023","24","0.5"
"MA","Severe Storm","12","2001","2018","18","0.667"
"MP","Typhoon","12","2002","2019","18","0.667"
"OK","Severe Ice Storm","12","2000","2021","22","0.545"
"PA","Severe Storm","12","2001","2018","18","0.667"
"PR","Hurricane","12","2011","2022","12","1"
"WV","Flood","12","2000","2025","26","0.462"
"AK","Flood","11","2002","2025","24","0.458"
"MT","Flood","11","2013","2026","14","0.786"
"MT","Severe Storm","11","2000","2024","25","0.44"
"NY","Snowstorm","11","2000","2023","24","0.458"
"PR","Severe Storm","11","2001","2024","24","0.458"
"TX","Flood","11","2002","2025","24","0.458"
"WI","Severe Storm","11","2000","2017","18","0.611"
"ME","Snowstorm","10","2001","2015","15","0.667"
"NM","Severe Storm","10","2004","2014","11","0.909"
"NY","Hurricane","10","2005","2021","17","0.588"
"TN","Fire","10","2000","2016","17","0.588"
"VA","Hurricane","10","2003","2018","16","0.625"
"VT","Flood","10","2013","2024","12","0.833"
"CT","Hurricane","9","2005","2021","17","0.529"
"DE","Hurricane","9","2003","2021","19","0.474"
"IA","Flood","9","2002","2023","22","0.409"
"ID","Flood","9","2005","2024","20","0.45"
"LA","Flood","9","2011","2021","11","0.818"
"NC","Fire","9","2008","2025","18","0.5"
"NM","Flood","9","2010","2025","16","0.563"
"SD","Flood","9","2001","2025","25","0.36"
"TX","Severe Storm","9","2002","2016","15","0.6"
"VI","Hurricane","9","2004","2020","17","0.529"
"WA","Flood","9","2009","2026","18","0.5"
"CA","Flood","8","2011","2024","14","0.571"
"HI","Severe Storm","8","2000","2022","23","0.348"
"MA","Hurricane","8","2005","2023","19","0.421"
"MO","Flood","8","2000","2022","23","0.348"
"NC","Severe Storm","8","2000","2021","22","0.364"
"NE","Fire","8","2006","2026","21","0.381"
"NJ","Hurricane","8","2005","2021","17","0.471"
"RI","Severe Storm","8","2007","2024","18","0.444"
"VA","Fire","8","2001","2011","11","0.727"
"KY","Fire","7","2000","2016","17","0.412"
"KY","Flood","7","2015","2023","9","0.778"
"LA","Severe Storm","7","2004","2019","16","0.438"
"MA","Snowstorm","7","2001","2022","22","0.318"
"MD","Hurricane","7","2003","2021","19","0.368"
"NH","Snowstorm","7","2001","2018","18","0.389"
"PA","Hurricane","7","2004","2021","18","0.389"
"SC","Fire","7","2001","2025","25","0.28"
"WI","Flood","7","2001","2025","25","0.28"
"AR","Severe Ice Storm","6","2000","2014","15","0.4"
"CA","Earthquake","6","2000","2023","24","0.25"
"DC","Hurricane","6","2003","2012","10","0.6"
"DC","Severe Storm","6","2000","2012","13","0.462"
"FL","Tropical Storm","6","2022","2024","3","2"
"IL","Flood","6","2001","2024","24","0.25"
"MD","Severe Storm","6","2000","2018","19","0.316"
"MO","Severe Ice Storm","6","2002","2009","8","0.75"
"NE","Biological","6","2020","2020","1","6"
"NY","Flood","6","2011","2024","14","0.429"
"RI","Hurricane","6","2005","2021","17","0.353"
"UT","Flood","6","2005","2023","19","0.316"
"AK","Mud/Landslide","5","2021","2024","4","1.25"
"AZ","Flood","5","2014","2024","11","0.455"
"CT","Snowstorm","5","2003","2011","9","0.556"
"FM","Typhoon","5","2002","2004","3","1.667"
"GU","Typhoon","5","2002","2019","18","0.278"
"HI","Flood","5","2009","2026","18","0.278"
"ID","Severe Storm","5","2006","2021","16","0.313"
"IL","Snowstorm","5","2001","2011","11","0.455"
"KS","Biological","5","2020","2020","1","5"
"LA","Coastal Storm","5","2001","2021","21","0.238"
"LA","Fire","5","2000","2023","24","0.208"
"ME","Flood","5","2007","2023","17","0.294"
"MI","Flood","5","2002","2024","23","0.217"
"MI","Severe Storm","5","2000","2021","22","0.227"
"NE","Flood","5","2010","2019","10","0.5"
"NH","Hurricane","5","2005","2012","8","0.625"
"NJ","Snowstorm","5","2003","2021","19","0.263"
"NV","Severe Storm","5","2005","2017","13","0.385"
"SC","Severe Ice Storm","5","2003","2014","12","0.417"
"SC","Severe Storm","5","2000","2020","21","0.238"
"SD","Biological","5","2020","2020","1","5"
"AL","Biological","4","2020","2021","2","2"
"AR","Flood","4","2019","2025","7","0.571"
"AR","Tornado","4","2009","2021","13","0.308"
"CO","Flood","4","2013","2023","11","0.364"
"FL","Biological","4","2020","2020","1","4"
"HI","Hurricane","4","2018","2020","3","1.333"
"MA","Biological","4","2020","2020","1","4"
"MN","Biological","4","2020","2020","1","4"
"MP","Tropical Storm","4","2023","2026","4","1"
"NC","Tropical Storm","4","2024","2024","1","4"
"ND","Fire","4","2002","2024","23","0.174"
"NJ","Fire","4","2001","2025","25","0.16"
"NY","Biological","4","2020","2020","1","4"
"OK","Tornado","4","2013","2024","12","0.333"
"TN","Severe Ice Storm","4","2009","2021","13","0.308"
"TN","Tornado","4","2020","2022","3","1.333"
"WV","Hurricane","4","2003","2012","10","0.4"
"WY","Flood","4","2010","2023","14","0.286"
"AK","Earthquake","3","2002","2019","18","0.167"
"AR","Hurricane","3","2005","2020","16","0.188"
"AS","Severe Storm","3","2003","2022","20","0.15"
"AZ","Biological","3","2020","2021","2","1.5"
"CA","Hurricane","3","2005","2023","19","0.158"
"CO","Snowstorm","3","2003","2007","5","0.6"
"DC","Other","3","2009","2026","18","0.167"
"DE","Snowstorm","3","2003","2016","14","0.214"
"GA","Severe Ice Storm","3","2014","2015","2","1.5"
"GA","Tropical Storm","3","2024","2024","1","3"
"GU","Tropical Storm","3","2023","2026","4","0.75"
"IA","Biological","3","2020","2020","1","3"
"IL","Tornado","3","2002","2021","20","0.15"
"IN","Snowstorm","3","2001","2007","7","0.429"
"KS","Snowstorm","3","2013","2022","10","0.3"
"KY","Severe Ice Storm","3","2009","2021","13","0.231"
"KY","Tornado","3","2000","2021","22","0.136"
"LA","Biological","3","2020","2020","1","3"
"LA","Severe Ice Storm","3","2001","2021","21","0.143"
"MD","Flood","3","2011","2018","8","0.375"
"MD","Snowstorm","3","2010","2016","7","0.429"
"ME","Biological","3","2020","2020","1","3"
"ME","Hurricane","3","2005","2023","19","0.158"
"MN","Fire","3","2000","2025","26","0.115"
"MS","Flood","3","2011","2016","6","0.5"
"MT","Biological","3","2020","2020","1","3"
"NC","Severe Ice Storm","3","2002","2014","13","0.231"
"ND","Biological","3","2020","2020","1","3"
"ND","Snowstorm","3","2004","2023","20","0.15"
"NH","Flood","3","2011","2023","13","0.231"
"OH","Tornado","3","2003","2024","22","0.136"
"OK","Flood","3","2008","2019","12","0.25"
"OR","Flood","3","2012","2020","9","0.333"
"PA","Flood","3","2011","2016","6","0.5"
"PR","Flood","3","2020","2024","5","0.6"
"RI","Biological","3","2020","2020","1","3"
"RI","Snowstorm","3","2003","2022","20","0.15"
"SC","Tropical Storm","3","2024","2024","1","3"
"SD","Winter Storm","3","2023","2023","1","3"
"TN","Flood","3","2011","2021","11","0.273"
"TN","Winter Storm","3","2023","2026","4","0.75"
"TX","Biological","3","2020","2020","1","3"
"TX","Other","3","2003","2013","11","0.273"
"TX","Severe Ice Storm","3","2001","2021","21","0.143"
"UT","Severe Storm","3","2005","2021","17","0.176"
"VA","Snowstorm","3","2010","2016","7","0.429"
"VI","Severe Storm","3","2003","2010","8","0.375"
"VT","Hurricane","3","2011","2021","11","0.273"
"WA","Biological","3","2020","2020","1","3"
"WI","Snowstorm","3","2001","2011","11","0.273"
"WY","Severe Storm","3","2000","2017","18","0.167"
"AK","Biological","2","2020","2020","1","2"
"AK","Coastal Storm","2","2015","2018","4","0.5"
"AL","Fire","2","2000","2001","2","1"
"AR","Biological","2","2020","2020","1","2"
"AR","Winter Storm","2","2023","2026","4","0.5"
"AS","Biological","2","2020","2020","1","2"
"AS","Hurricane","2","2018","2018","1","2"
"AS","Typhoon","2","2004","2005","2","1"
"CA","Biological","2","2020","2020","1","2"
"CA","Dam/Levee Break","2","2004","2017","14","0.143"
"CO","Biological","2","2020","2020","1","2"
"CO","Severe Storm","2","2001","2008","8","0.25"
"CT","Biological","2","2020","2020","1","2"
"DC","Biological","2","2020","2020","1","2"
"DC","Snowstorm","2","2010","2016","7","0.286"
"DE","Biological","2","2020","2020","1","2"
"DE","Severe Storm","2","2004","2006","3","0.667"
"GA","Biological","2","2020","2020","1","2"
"GU","Biological","2","2020","2020","1","2"
"GU","Severe Storm","2","2004","2014","11","0.182"
"HI","Biological","2","2020","2020","1","2"
"HI","Volcanic Eruption","2","2014","2018","5","0.4"
"ID","Biological","2","2020","2020","1","2"
"IL","Biological","2","2020","2020","1","2"
"IN","Biological","2","2020","2020","1","2"
"IN","Flood","2","2018","2025","8","0.25"
"KS","Flood","2","2011","2011","1","2"
"KS","Severe Ice Storm","2","2002","2017","16","0.125"
"KY","Biological","2","2020","2020","1","2"
"KY","Snowstorm","2","2005","2015","11","0.182"
"LA","Other","2","2003","2023","21","0.095"
"LA","Winter Storm","2","2026","2026","1","2"
"MA","Flood","2","2004","2024","21","0.095"
"MD","Biological","2","2020","2020","1","2"
"ME","Coastal Storm","2","2018","2022","5","0.4"
"MI","Biological","2","2020","2020","1","2"
"MI","Dam/Levee Break","2","2020","2020","1","2"
"MO","Biological","2","2020","2020","1","2"
"MP","Biological","2","2020","2020","1","2"
"MS","Biological","2","2020","2020","1","2"
"MS","Tornado","2","2015","2017","3","0.667"
"MS","Winter Storm","2","2026","2026","1","2"
"MT","Straight-Line Winds","2","2024","2026","3","0.667"
"NC","Biological","2","2020","2020","1","2"
"NC","Flood","2","2013","2013","1","2"
"NE","Tornado","2","2014","2024","11","0.182"
"NH","Biological","2","2020","2020","1","2"
"NJ","Biological","2","2020","2020","1","2"
"NJ","Other","2","2000","2003","4","0.5"
"NV","Biological","2","2020","2020","1","2"
"NV","Flood","2","2014","2023","10","0.2"
"NV","Snowstorm","2","2005","2005","1","2"
"NY","Fire","2","2001","2024","24","0.083"
"NY","Other","2","2000","2003","4","0.5"
"NY","Tropical Storm","2","2024","2024","1","2"
"NY","Winter Storm","2","2022","2022","1","2"
"OH","Biological","2","2020","2020","1","2"
"OH","Flood","2","2018","2019","2","1"
"OH","Hurricane","2","2005","2013","9","0.222"
"OH","Snowstorm","2","2005","2008","4","0.5"
"OR","Biological","2","2020","2020","1","2"
"PA","Biological","2","2020","2020","1","2"
"PA","Snowstorm","2","2010","2016","7","0.286"
"PR","Biological","2","2020","2020","1","2"
"PR","Earthquake","2","2020","2020","1","2"
"SC","Biological","2","2020","2020","1","2"
"SC","Flood","2","2015","2025","11","0.182"
"SC","Winter Storm","2","2026","2026","1","2"
"SD","Snowstorm","2","2008","2008","1","2"
"TN","Biological","2","2020","2020","1","2"
"TN","Tropical Storm","2","2024","2024","1","2"
"TX","Coastal Storm","2","2001","2002","2","1"
"UT","Biological","2","2020","2020","1","2"
"VA","Biological","2","2020","2020","1","2"
"VA","Tropical Storm","2","2024","2024","1","2"
"VI","Biological","2","2020","2020","1","2"
"VI","Other","2","2022","2023","2","1"
"VI","Tropical Storm","2","2024","2024","1","2"
"VT","Biological","2","2020","2020","1","2"
"VT","Severe Ice Storm","2","2009","2014","6","0.333"
"WA","Mud/Landslide","2","2014","2014","1","2"
"WI","Biological","2","2020","2020","1","2"
"WV","Biological","2","2020","2020","1","2"
"WV","Fire","2","2001","2001","1","2"
"WV","Snowstorm","2","2010","2010","1","2"
"WY","Biological","2","2020","2020","1","2"
"AK","Winter Storm","1","2026","2026","1","1"
"AL","Tornado","1","2019","2019","1","1"
"AS","Earthquake","1","2009","2009","1","1"
"AZ","Freezing","1","2013","2013","1","1"
"AZ","Hurricane","1","2005","2005","1","1"
"CA","Freezing","1","2007","2007","1","1"
"CA","Tropical Storm","1","2023","2023","1","1"
"CA","Tsunami","1","2011","2011","1","1"
"CA","Winter Storm","1","2023","2023","1","1"
"CO","Coastal Storm","1","2005","2005","1","1"
"CT","Fire","1","2024","2024","1","1"
"CT","Tornado","1","2018","2018","1","1"
"DC","Earthquake","1","2011","2011","1","1"
"FL","Coastal Storm","1","2001","2001","1","1"
"FL","Flood","1","2023","2023","1","1"
"FL","Freezing","1","2001","2001","1","1"
"FL","Other","1","2021","2021","1","1"
"FM","Drought","1","2007","2007","1","1"
"GA","Tornado","1","2017","2017","1","1"
"GA","Winter Storm","1","2026","2026","1","1"
"GU","Earthquake","1","2001","2001","1","1"
"GU","Hurricane","1","2023","2023","1","1"
"HI","Earthquake","1","2006","2006","1","1"
"HI","Mud/Landslide","1","2016","2016","1","1"
"HI","Tsunami","1","2011","2011","1","1"
"IA","Hurricane","1","2005","2005","1","1"
"IA","Severe Ice Storm","1","2008","2008","1","1"
"IA","Snowstorm","1","2007","2007","1","1"
"IA","Tornado","1","2024","2024","1","1"
"IA","Winter Storm","1","2025","2025","1","1"
"ID","Hurricane","1","2005","2005","1","1"
"ID","Straight-Line Winds","1","2026","2026","1","1"
"IL","Hurricane","1","2005","2005","1","1"
"IL","Severe Ice Storm","1","2007","2007","1","1"
"IN","Hurricane","1","2005","2005","1","1"
"IN","Tornado","1","2005","2005","1","1"
"IN","Winter Storm","1","2026","2026","1","1"
"KS","Hurricane","1","2005","2005","1","1"
"KS","Winter Storm","1","2024","2024","1","1"
"KY","Hurricane","1","2005","2005","1","1"
"KY","Tropical Storm","1","2024","2024","1","1"
"KY","Winter Storm","1","2026","2026","1","1"
"LA","Snowstorm","1","2000","2000","1","1"
"LA","Tornado","1","2017","2017","1","1"
"MA","Other","1","2010","2010","1","1"
"MA","Severe Ice Storm","1","2009","2009","1","1"
"MA","Terrorist","1","2013","2013","1","1"
"MA","Tornado","1","2011","2011","1","1"
"MD","Tornado","1","2002","2002","1","1"
"MD","Winter Storm","1","2026","2026","1","1"
"ME","Freezing","1","2003","2003","1","1"
"ME","Winter Storm","1","2024","2024","1","1"
"MI","Hurricane","1","2005","2005","1","1"
"MI","Other","1","2003","2003","1","1"
"MI","Severe Ice Storm","1","2025","2025","1","1"
"MI","Snowstorm","1","2001","2001","1","1"
"MI","Toxic Substances","1","2016","2016","1","1"
"MN","Hurricane","1","2005","2005","1","1"
"MN","Other","1","2007","2007","1","1"
"MN","Straight-Line Winds","1","2025","2025","1","1"
"MN","Tornado","1","2010","2010","1","1"
"MO","Fire","1","2000","2000","1","1"
"MO","Hurricane","1","2005","2005","1","1"
"MP","Hurricane","1","2026","2026","1","1"
"MS","Other","1","2022","2022","1","1"
"MS","Severe Ice Storm","1","2021","2021","1","1"
"MT","Hurricane","1","2005","2005","1","1"
"MT","Other","1","2021","2021","1","1"
"MT","Tornado","1","2016","2016","1","1"
"NC","Mud/Landslide","1","2013","2013","1","1"
"NC","Tropical Depression","1","2025","2025","1","1"
"NC","Winter Storm","1","2026","2026","1","1"
"ND","Coastal Storm","1","2005","2005","1","1"
"ND","Tornado","1","2000","2000","1","1"
"ND","Winter Storm","1","2024","2024","1","1"
"NE","Hurricane","1","2005","2005","1","1"
"NE","Severe Ice Storm","1","2008","2008","1","1"
"NE","Snowstorm","1","2018","2018","1","1"
"NE","Winter Storm","1","2025","2025","1","1"
"NH","Coastal Storm","1","2018","2018","1","1"
"NH","Fire","1","2016","2016","1","1"
"NH","Severe Ice Storm","1","2009","2009","1","1"
"NH","Winter Storm","1","2024","2024","1","1"
"NM","Hurricane","1","2005","2005","1","1"
"NV","Hurricane","1","2005","2005","1","1"
"NY","Earthquake","1","2002","2002","1","1"
"NY","Severe Ice Storm","1","2003","2003","1","1"
"NY","Tornado","1","2010","2010","1","1"
"OH","Other","1","2003","2003","1","1"
"OK","Hurricane","1","2005","2005","1","1"
"OK","Snowstorm","1","2009","2009","1","1"
"OR","Coastal Storm","1","2005","2005","1","1"
"OR","Mud/Landslide","1","2023","2023","1","1"
"OR","Tsunami","1","2011","2011","1","1"
"PA","Severe Ice Storm","1","2014","2014","1","1"
"PA","Tropical Storm","1","2024","2024","1","1"
"PR","Fire","1","2009","2009","1","1"
"PR","Tropical Storm","1","2024","2024","1","1"
"RI","Fire","1","2023","2023","1","1"
"SD","Coastal Storm","1","2005","2005","1","1"
"SD","Straight-Line Winds","1","2026","2026","1","1"
"TN","Hurricane","1","2005","2005","1","1"
"TN","Other","1","2021","2021","1","1"
"TX","Tornado","1","2000","2000","1","1"
"TX","Winter Storm","1","2023","2023","1","1"
"UT","Coastal Storm","1","2005","2005","1","1"
"UT","Earthquake","1","2020","2020","1","1"
"VA","Earthquake","1","2011","2011","1","1"
"VA","Flood","1","2021","2021","1","1"
"VA","Severe Ice Storm","1","2021","2021","1","1"
"VA","Terrorist","1","2001","2001","1","1"
"VA","Winter Storm","1","2026","2026","1","1"
"VT","Snowstorm","1","2001","2001","1","1"
"VT","Tropical Storm","1","2024","2024","1","1"
"WA","Coastal Storm","1","2005","2005","1","1"
"WA","Earthquake","1","2001","2001","1","1"
"WI","Hurricane","1","2005","2005","1","1"
"WI","Tornado","1","2002","2002","1","1"
"WV","Chemical","1","2014","2014","1","1"
"WV","Mud/Landslide","1","2018","2018","1","1"
"WV","Severe Ice Storm","1","2021","2021","1","1"
"WV","Tropical Storm","1","2024","2024","1","1"
"WV","Winter Storm","1","2026","2026","1","1"
"WY","Tornado","1","2005","2005","1","1"
